TIMESTAMP,NumImages,ContextTokens,GeneratedTokens
2024-10-15T12:00:00.269Z,0,770,491
2024-10-15T12:00:05.819Z,1,949,126
2024-10-15T12:00:06.513Z,1,964,79
2024-10-15T12:00:07.332Z,0,78,5
2024-10-15T12:00:07.566Z,1,1724,28
2024-10-15T12:00:07.566Z,1,946,11
2024-10-15T12:00:07.623Z,0,913,370
2024-10-15T12:00:07.813Z,1,931,86
2024-10-15T12:00:08.415Z,0,1195,1
2024-10-15T12:00:08.535Z,0,1332,508
2024-10-15T12:00:08.888Z,0,1258,403
2024-10-15T12:00:09.134Z,0,655,396
2024-10-15T12:00:10.872Z,0,1105,336
2024-10-15T12:00:11.763Z,0,708,325
2024-10-15T12:00:12.763Z,1,363,207
2024-10-15T12:00:12.822Z,1,254,40
2024-10-15T12:00:13.773Z,0,1480,149
2024-10-15T12:00:14.103Z,0,1128,824
2024-10-15T12:00:14.174Z,0,6219,85
2024-10-15T12:00:14.417Z,0,986,1
2024-10-15T12:00:14.468Z,1,248,47
2024-10-15T12:00:14.676Z,1,734,156
2024-10-15T12:00:14.717Z,1,957,96
2024-10-15T12:00:14.978Z,0,217,7
2024-10-15T12:00:15.065Z,0,269,14
2024-10-15T12:00:15.321Z,1,1075,31
2024-10-15T12:00:15.811Z,25,8817,307
2024-10-15T12:00:16.925Z,4,2908,91
2024-10-15T12:00:17.486Z,1,1800,25
2024-10-15T12:00:17.673Z,1,690,48
2024-10-15T12:00:19.120Z,1,1433,61
2024-10-15T12:00:19.610Z,0,1011,111
2024-10-15T12:00:19.864Z,0,14797,51
2024-10-15T12:00:21.622Z,1,1449,139
2024-10-15T12:00:22.069Z,9,4425,464
2024-10-15T12:00:22.274Z,0,2003,386
2024-10-15T12:00:22.386Z,0,1625,60
2024-10-15T12:00:22.761Z,0,4376,318
2024-10-15T12:00:22.957Z,0,548,388
2024-10-15T12:00:23.026Z,0,2666,3
2024-10-15T12:00:23.063Z,9,3966,288
2024-10-15T12:00:23.104Z,0,1220,345
2024-10-15T12:00:23.209Z,1,952,26
2024-10-15T12:00:23.320Z,1,458,169
2024-10-15T12:00:25.321Z,0,1594,524
2024-10-15T12:00:25.568Z,1,1464,61
2024-10-15T12:00:25.737Z,9,4196,150
2024-10-15T12:00:25.854Z,0,971,287
2024-10-15T12:00:26.119Z,1,707,64
